INSERT INTO `AUTHOR` (`ID_AUTHOR`, `NAME_AUTHOR`, `ANONYMOUS_AUTHOR`) VALUES ('1', 'PICASSO', '0');
INSERT INTO `AUTHOR` (`ID_AUTHOR`, `NAME_AUTHOR`, `ANONYMOUS_AUTHOR`) VALUES ('2', 'VAN GOGH', '0');
INSERT INTO `AUTHOR` (`ID_AUTHOR`, `NAME_AUTHOR`, `ANONYMOUS_AUTHOR`) VALUES ('3', 'MONET', '0');
INSERT INTO `AUTHOR` (`ID_AUTHOR`, `NAME_AUTHOR`, `ANONYMOUS_AUTHOR`) VALUES ('4', 'DALI', '0');
INSERT INTO `AUTHOR` (`ID_AUTHOR`, `NAME_AUTHOR`, `ANONYMOUS_AUTHOR`) VALUES ('5', 'DA VINCI', '0');
INSERT INTO `AUTHOR` (`ID_AUTHOR`, `NAME_AUTHOR`, `ANONYMOUS_AUTHOR`) VALUES ('6', 'REMBRANDT', '0');
INSERT INTO `AUTHOR` (`ID_AUTHOR`, `NAME_AUTHOR`, `ANONYMOUS_AUTHOR`) VALUES ('7', 'CARAVAGGIO', '0');
INSERT INTO `AUTHOR` (`ID_AUTHOR`, `NAME_AUTHOR`, `ANONYMOUS_AUTHOR`) VALUES ('8', 'GOYA', '0');
INSERT INTO `AUTHOR` (`ID_AUTHOR`, `NAME_AUTHOR`, `ANONYMOUS_AUTHOR`) VALUES ('9', 'RENOIR', '0');
INSERT INTO `AUTHOR` (`ID_AUTHOR`, `NAME_AUTHOR`, `ANONYMOUS_AUTHOR`) VALUES ('10', 'VELAZQUEZ', '0');
INSERT INTO `AUTHOR` (`ID_AUTHOR`, `NAME_AUTHOR`, `ANONYMOUS_AUTHOR`) VALUES ('11','ANONYMOUS', '1');

INSERT INTO `SHOP` (`ID_SHOP`, `NAME_SHOP`, `MAX_CAPACITY_SHOP`) VALUES ('1', 'GAGOSIAN', '100');
INSERT INTO `SHOP` (`ID_SHOP`, `NAME_SHOP`, `MAX_CAPACITY_SHOP`) VALUES ('2', 'THE SAATCHI', '150');
INSERT INTO `SHOP` (`ID_SHOP`, `NAME_SHOP`, `MAX_CAPACITY_SHOP`) VALUES ('3', 'OPERA', '50');
INSERT INTO `SHOP` (`ID_SHOP`, `NAME_SHOP`, `MAX_CAPACITY_SHOP`) VALUES ('4', 'MARLBOROUGH FINE ART', '200');
INSERT INTO `SHOP` (`ID_SHOP`, `NAME_SHOP`, `MAX_CAPACITY_SHOP`) VALUES ('5', 'BRUNO BISHOFBERGER', '30');
INSERT INTO `SHOP` (`ID_SHOP`, `NAME_SHOP`, `MAX_CAPACITY_SHOP`) VALUES ('6', 'MOMA', '300');
INSERT INTO `SHOP` (`ID_SHOP`, `NAME_SHOP`, `MAX_CAPACITY_SHOP`) VALUES ('7', 'ESTHER ARIAS', '30');
INSERT INTO `SHOP` (`ID_SHOP`, `NAME_SHOP`, `MAX_CAPACITY_SHOP`) VALUES ('8', 'TOMIO KOYAMA', '15');


INSERT INTO `PAINTING` (`ID_PAINTING`, `NAME_PAINTING`, `PRICE_PAINTING`, `ENTRY_DATE_PAINTING`, `AUTHOR_ID`, `SHOP_ID`) VALUES ('1', 'GUERNICA', '7250900.00', '1987-12-09', '1', '7');
INSERT INTO `PAINTING` (`ID_PAINTING`, `NAME_PAINTING`, `PRICE_PAINTING`, `ENTRY_DATE_PAINTING`, `AUTHOR_ID`, `SHOP_ID`) VALUES ('2', 'LAS SEÑORITAS DE AVIGNON', '10258236.00', '1966-03-15', '1', '2');
INSERT INTO `PAINTING` (`ID_PAINTING`, `NAME_PAINTING`, `PRICE_PAINTING`, `ENTRY_DATE_PAINTING`, `AUTHOR_ID`, `SHOP_ID`) VALUES ('3', 'LA NOCHE ESTRELLADA', '8256251.00', '2013-04-25', '2', '6');
INSERT INTO `PAINTING` (`ID_PAINTING`, `NAME_PAINTING`, `PRICE_PAINTING`, `ENTRY_DATE_PAINTING`, `AUTHOR_ID`, `SHOP_ID`) VALUES ('4', 'TERRAZA DE CAFÉ POR LA NOCHE', '17852256.00', '2019-06-01', '2', '1');
INSERT INTO `PAINTING` (`ID_PAINTING`, `NAME_PAINTING`, `PRICE_PAINTING`, `ENTRY_DATE_PAINTING`, `AUTHOR_ID`, `SHOP_ID`) VALUES ('5', 'EL ESTANQUE DE NENÚFARES', '25852452.00', '1989-09-12', '3', '8');
INSERT INTO `PAINTING` (`ID_PAINTING`, `NAME_PAINTING`, `PRICE_PAINTING`, `ENTRY_DATE_PAINTING`, `AUTHOR_ID`, `SHOP_ID`) VALUES ('6', 'LA TERRAZA DE SAINTE-ADRESSE ', '7236254.00', '2005-03-15', '3', '6');
INSERT INTO `PAINTING` (`ID_PAINTING`, `NAME_PAINTING`, `PRICE_PAINTING`, `ENTRY_DATE_PAINTING`, `AUTHOR_ID`, `SHOP_ID`) VALUES ('7', 'EL GRAN MASTURBADOR', '875254.00', '2001-01-25', '4', '4');
INSERT INTO `PAINTING` (`ID_PAINTING`, `NAME_PAINTING`, `PRICE_PAINTING`, `ENTRY_DATE_PAINTING`, `AUTHOR_ID`, `SHOP_ID`) VALUES ('8', 'LA RONDA DE NOCHE', '6254521.00', '1955-09-01', '6', '3');
INSERT INTO `PAINTING` (`ID_PAINTING`, `NAME_PAINTING`, `PRICE_PAINTING`, `ENTRY_DATE_PAINTING`, `AUTHOR_ID`, `SHOP_ID`) VALUES ('9', 'BACO', '4254563.00', '2018-03-07', '7', '8');
INSERT INTO `PAINTING` (`ID_PAINTING`, `NAME_PAINTING`, `PRICE_PAINTING`, `ENTRY_DATE_PAINTING`, `AUTHOR_ID`, `SHOP_ID`) VALUES ('10', 'BAILE EN EL MOULIN DE LA GALETTE', '3524854.00', '1994-06-22', '8', '7');
INSERT INTO `PAINTING` (`ID_PAINTING`, `NAME_PAINTING`, `PRICE_PAINTING`, `ENTRY_DATE_PAINTING`, `AUTHOR_ID`, `SHOP_ID`) VALUES ('11', 'LAS MENINAS', '18852854.00', '2016-08-10', '9', '2');
INSERT INTO `PAINTING` (`ID_PAINTING`, `NAME_PAINTING`, `PRICE_PAINTING`, `ENTRY_DATE_PAINTING`, `AUTHOR_ID`, `SHOP_ID`) VALUES ('13', 'ENANO CON UN PERRO', '3547841.00', '1980-07-07', '11', '7');
INSERT INTO `PAINTING` (`ID_PAINTING`, `NAME_PAINTING`, `PRICE_PAINTING`, `ENTRY_DATE_PAINTING`, `AUTHOR_ID`, `SHOP_ID`) VALUES ('14', 'LA FUENTE DE LA GRACIA', '2541254.00', '1996-06-06', '11', '6');
INSERT INTO `PAINTING` (`ID_PAINTING`, `NAME_PAINTING`, `PRICE_PAINTING`, `ENTRY_DATE_PAINTING`, `AUTHOR_ID`, `SHOP_ID`) VALUES ('15', 'LA PERSISTENCIA DE LA MEMORIA', '12547589.00', '1999-07-11', '4', '6');
INSERT INTO `PAINTING` (`ID_PAINTING`, `NAME_PAINTING`, `PRICE_PAINTING`, `ENTRY_DATE_PAINTING`, `AUTHOR_ID`, `SHOP_ID`) VALUES ('16', 'LA GIOCONDA', '50521251.00', NOW(), '5', '5');
INSERT INTO `PAINTING` (`ID_PAINTING`, `NAME_PAINTING`, `PRICE_PAINTING`, `ENTRY_DATE_PAINTING`, `AUTHOR_ID`, `SHOP_ID`) VALUES ('17', 'LA ÚLTIMA CENA', '80201524.00', NOW(), '5', '6');